<?xml version='1.0' encoding='UTF-8'?>
<?artifactRepository version='1.1.0'?>
<repository name='file:/D:/Sri/Mule/community/Workspace/wiki-pedia-connector/target/update-site/ - artifacts' type='org.eclipse.equinox.p2.artifact.repository.simpleRepository' version='1'>
  <properties size='2'>
    <property name='p2.timestamp' value='1430444603782'/>
    <property name='p2.compressed' value='false'/>
  </properties>
  <mappings size='3'>
    <rule filter='(&amp; (classifier=osgi.bundle))' output='${repoUrl}/plugins/${id}_${version}.jar'/>
    <rule filter='(&amp; (classifier=binary))' output='${repoUrl}/binary/${id}_${version}'/>
    <rule filter='(&amp; (classifier=org.eclipse.update.feature))' output='${repoUrl}/features/${id}_${version}.jar'/>
  </mappings>
  <artifacts size='2'>
    <artifact classifier='osgi.bundle' id='org.mule.tooling.ui.contribution.wiki-pedia.3.5.0' version='1.0.0.201505011142'>
      <properties size='3'>
        <property name='artifact.size' value='4754864'/>
        <property name='download.size' value='4754864'/>
        <property name='download.md5' value='a78f5aa10e10ba776e0045267f024f07'/>
      </properties>
    </artifact>
    <artifact classifier='org.eclipse.update.feature' id='org.mule.tooling.ui.extension.wiki-pedia-connector.3.5.0' version='1.0.0.201505011142'>
      <properties size='4'>
        <property name='artifact.size' value='10060'/>
        <property name='download.size' value='10060'/>
        <property name='download.md5' value='e0b73dddff3dd51eef05b48f2e76095a'/>
        <property name='download.contentType' value='application/zip'/>
      </properties>
    </artifact>
  </artifacts>
</repository>
